"S No",Priority,"KPI List",H/L,LYD,Jan,Feb,Mar,Apr,May,Jun,Jul,Aug,Sep,Oct,Nov,Dec,YTD,"Current Target","Target 2023","Target 2024","Bronze Benchmark",Vision,Pillar
1,1,"Average Time to Solve Safety Tags",L,30.30,17.63,,,,,,,,,,,,17.63,20.00,15.00,10.00,,10,Safety
2,1,"Behavioural Observations Carried Out by Line Management",H,97.35,97.35,,,,,,,,,,,,97.35,94.00,94.00,94.00,,95,Safety
3,1,"Open Safety Tags",L,29.00,28.00,,,,,,,,,,,,28.00,30.00,20.00,10.00,,10,PQ
4,2,"SHE Audits",H,94.54,94.00,,,,,,,,,,,,94.00,93.00,93.00,93.00,,100,Safety
5,2,"PSM Alarm (Boiler, CO2, NH3 and Air)",L,2.08,,,,,,,,,,,,,,4.00,4.00,4.00,,2,PM
6,3,"LSR Compliance",H,100.00,100.00,,,,,,,,,,,,100.00,100.00,100.00,100.00,,100,PM
7,3,"HeiQuest Compliance - Safety",H,100.00,100.00,100.00,,,,,,,,,,,100.00,90.00,95.00,95.00,,95,PM
8,3,"PSM Compliance",H,100.00,100.00,,,,,,,,,,,,100.00,100.00,100.00,100.00,,100,TPM
9,4,"HeiQuest Compliance - Legal",H,100.00,100.00,100.00,,,,,,,,,,,100.00,100.00,100.00,100.00,,100,TPM
10,3,"Safe behaviours",H,99.84,,,,,,,,,,,,,,99.00,99.00,99.00,,99,Safety
11,1,"Water Consumption",L,5.21,4.56,4.93,,,,,,,,,,,4.56,5.00,4.70,3.80,,0,ES
12,1,"Thermal Energy Consumption",L,79.08,69.45,78.40,,,,,,,,,,,69.45,78.20,,,,0,ES
13,2,"Electricity Consumption",L,11.21,9.62,10.80,,,,,,,,,,,9.62,11.20,,,,,ES
14,4,"Land Fill Free",H,100.00,100.00,,,,,,,,,,,,100.00,99.70,99.80,99.80,,100,TPM
15,3,"HeiQuest Compliance - Environment",H,100.00,100.00,100.00,,,,,,,,,,,100.00,99.00,99.00,99.00,,,ES
16,4,"Heirule #6 Compliance",H,100.00,100.00,,,,,,,,,,,,100.00,99.50,99.50,99.50,,99.5,ES
17,4,"Total Recycled Water",H,,,,,,,,,,,,,,,,,,,0,ES
18,1,"People Competency - Engineering",H,79.50,76.00,75.00,,,,,,,,,,,76.00,,,,,0,PM
19,1,"Supply Chain Cost - R&M",L,5.00,2.47,2.52,,,,,,,,,,,2.47,5.52,,,,0,PM
20,1,"No. of BDA solved",H,5.17,4.00,4.00,,,,,,,,,,,4.00,9.00,,,,0,PM
21,2,"PM Conformance to Schedule",H,95.67,99.00,99.00,,,,,,,,,,,99.00,92.00,,,,0,PM
22,1,"(Can) Contribution of Breakdown to OPI",L,10.40,6.80,8.00,,,,,,,,,,,6.80,,,,,0,PM
23,2,"Spare Parts Availability",H,93.52,96.00,95.00,123456.00,123456.00,123456.00,,,,,,,,96.00,90.00,,,,0,PM
24,4,"Roll-out RGB Scale PM System",H,95.00,,,,,,,,,,,,,,,,,,0,PM
25,2,"PM Conformance to Schedule -  PSM",H,93.75,100.00,,,,,,,,,,,,100.00,80.00,80.00,80.00,,80,Safety
26,1,"FTR Finished Product",H,85.50,84.50,87.20,,,,,,,,,,,84.50,90.00,,,,0,PQ
27,2,"FTR Micro",H,89.64,97.01,90.90,,,,,,,,,,,97.01,90.00,,,,0,PQ
28,1,"HOC Audit Score",H,86.02,82.90,93.70,,,,,,,,,,,82.90,88.50,,,,0,PQ
29,1,"ABV Deviation",L,-0.02,-0.02,-0.09,,,,,,,,,,,-0.02,-0.10,,,,0,PQ
30,3,"HeiQuest Compliance - Quality",H,96.66,96.95,96.95,,,,,,,,,,,96.95,80.00,,,,0,PQ
31,2,"Heineken TTS - Fresh",H,6.60,6.70,,,,,,,,,,,,6.70,6.65,,,,0,PQ
32,1,"Extract Losses - Beer Production",L,11.96,6.58,,,,,,,,,,,,6.58,7.40,7.40,,,0,"AM Brewing"
33,1,"FTR - Bright Beer",H,57.35,53.70,,,,,,,,,,,,53.70,91.00,92.00,93.00,,0,"AM Brewing"
34,1,"(Filtration) OPI NONA - BMF",H,34.86,39.70,,,,,,,,,,,,39.70,57.00,58.00,58.00,,63,"AM Brewing"
35,2,"FTR Micro - Beer Production",H,90.09,97.00,,,,,,,,,,,,97.00,,,,,0,"AM Brewing"
36,4,"Water Consumption - Brewing",L,4.17,3.55,,,,,,,,,,,,3.55,,,,,0,"AM Brewing"
37,2,"AM Tags Raised",H,40.91,,,,,,,,,,,,,,8.00,,,,0,"AM Brewing"
38,2,"AM Tags Removed",H,81.64,,,,,,,,,,,,,,80.00,,,,0,"AM Brewing"
39,4,"APM Machine BMF and GEA CILT execution",H,50.00,,,,,,,,,,,,,,50.00,,,,0,"AM Brewing"
40,2,"HOC Audit Score - Brewing",H,79.74,82.90,,,,,,,,,,,,82.90,80.00,,,,0,"AM Brewing"
41,3,"HeiQuest Compliance - Brewing",H,99.42,96.47,96.47,,,,,,,,,,,96.47,99.00,,,,0,"AM Brewing"
42,4,"(CAN) Contribution of Shortages to OPI - Brewing",L,3.59,,,,,,,,,,,,,,1.00,,,,0,"AM Brewing"
43,4,"(OWL) Contribution of Shortages to OPI - Brewing",L,7.24,,,,,,,,,,,,,,1.00,,,,0,"AM Brewing"
44,4,"(RGL) Contribution of Shortages to OPI - Brewing",L,6.00,,,,,,,,,,,,,,1.00,,,,0,"AM Brewing"
45,1,"(Can) Average CO Time",L,97.61,114.00,,,,,,,,,,,,114.00,90.44,86.13,82.03,,74.41,"AM Packaging"
46,1,"APM Rollout OTIF - Packaging",H,35.00,40.00,,,,,,,,,,,,40.00,75.00,100.00,,,100,"AM Packaging"
47,1,"(Can) Contribution of Minor Stops to OPI",L,9.08,7.40,,,,,,,,,,,,7.40,7.50,7.00,6.70,,6,"AM Packaging"
48,1,"People Competency - Packaging",H,72.28,72.50,,,,,,,,,,,,72.50,85.00,90.00,93.00,,100,"AM Packaging"
49,1,"CILT OTIF - Packaging",H,85.91,99.00,,,,,,,,,,,,99.00,95.00,95.00,100.00,,100,"AM Packaging"
50,2,"(RGL) Contribution of Minor Stops to OPI",L,21.06,20.10,,,,,,,,,,,,20.10,17.60,14.70,12.20,,10.1,"AM Packaging"
51,2,"5S Audit Score - Packaging",H,80.61,92.00,,,,,,,,,,,,92.00,90.00,95.00,98.00,,100,"AM Packaging"
52,4,"(RGL) OPI NONA",H,37.21,38.40,,,,,,,,,,,,38.40,43.70,45.90,48.20,,50.6,"AM Packaging"
53,3,"FTR Micro - Packaging",H,98.04,100.00,,,,,,,,,,,,100.00,99.00,99.00,99.00,,99,"AM Packaging"
54,1,"People Competency",H,71.00,71.00,,,,,,,,,,,,71.00,80.00,85.00,,,100,PD
55,1,"Non-Mandatory Training Completion",H,,,,,,,,,,,,,,,,,,,,PD
56,2,"Active Recruitments",H,,,,,,,,,,,,,,,,,,,0,PD
57,3,"Mandatory Training Completion",H,,,,,,,,,,,,,,,,,,,0,PD
58,1,"FA M-1 - Domestic",H,65.88,82.00,,,,,,,,,,,,82.00,80.00,,,,0,Plan
59,1,"CFR PA",H,87.71,999999.99,,,,,,,,,,,,,85.00,32.00,323.00,,,Safety
60,2,"FA M-1 - Export",H,43.44,21.00,,,,,,,,,,,,21.00,70.00,,,,0,Plan
61,4,"Packaging Conformance to Schedule",H,85.80,81.00,999999.99,123456.00,123456.00,,,,,,,,,81.00,90.00,,,,0,"AM Packaging"
62,2,"NPI OTIF",H,99.38,100.00,,,,,,,,,,,,100.00,99.00,,,,0,Plan
63,3,"People Competency - Planning",H,80.00,80.00,,,,,,,,,,,,80.00,70.00,,,,0,Plan
64,4,"Supply Chain Cost - Overtime Cost",L,0.91,0.97,,,,,,,,,,,,0.97,0.39,,,,0,Plan
65,3,"SHE Audit Score - Warehouse",H,96.78,,,,,,,,,,,,,,93.00,93.00,93.00,,93,WT
66,1,"People Competency - Warehouse",H,73.00,999999.99,,,,,,,,,,,,,,,,,0,WT
67,4,"Stock Accuracy - Empties",H,98.88,,,,,,,,,,,,,,,,,,0,WT
68,1,"Supply Chain Cost - Warehouse",L,4.85,11.10,15.34,,,,,,,,,,,12.94,9.73,,,,0,WT
69,1,"Supply Chain Cost - Warehouse Repair & Maintenance",L,0.03,0.00,0.00,,,,,,,,,,,0.00,0.06,,,,0,WT
70,1,"Supply Chain Cost - Warehouse 3rd Party Cost",L,0.99,1.40,2.00,,,,,,,,,,,1.66,0.90,,,,0,WT
71,4,"Supply Chain Cost - Warehouse Overtime",L,3.02,2.62,,,,,,,,,,,,2.62,2.00,,,,2,WT
72,4,"Customer Rejection",L,,,,,,,,,,,,,,,,,,,0,WT
73,3,"CFR - Domestic OTIF",H,100.00,97.70,999999.99,,,,,,,,,,,97.70,100.00,,,,0,WT
74,1,"CFR - Domestic",H,92.82,97.70,,,,,,,,,,,,97.70,97.00,98.00,98.00,,98,CV
75,1,"CFR - Export",H,64.36,42.90,,,,,,,,,,,,42.90,70.00,75.00,80.00,,0,CV
76,2,"Zero Touch Orders",H,93.80,89.60,,,,,,,,,,,,89.60,,,,,0,CV
77,1,"VMI Acceptance",H,97.42,95.00,,,,,,,,,,,,95.00,99.00,99.00,100.00,,0,CV
78,1,"VMI Efficiency",H,99.60,99.20,,,,,,,,,,,,99.20,99.00,99.00,99.00,,0,CV
79,2,"Customer Satisfaction",H,10.00,,,,,,,,,,,,,,20.00,25.00,30.00,,0,CV
80,2,"Weekly Shipment Reports OTIF",H,98.00,99.00,,,,,,,,,,,,99.00,100.00,100.00,100.00,,100,CV
81,3,"Customer Complaints",L,0.20,0.00,,,,,,,,,,,,0.00,1.00,,,,0,CV
82,1,"Monthly 5S Audit Completion",H,67.02,83.00,79.00,,,,,,,,,,,81.10,75.00,,,,,TPM
83,1,"Monthly 5S Audit Completion - Brewing",H,52.96,50.00,33.33,,,,,,,,,,,41.70,75.00,,,,0,TPM
84,1,"Monthly 5S Audit Completion - Packaging",H,81.43,100.00,100.00,,,,,,,,,,,100.00,75.00,,,,,TPM
85,1,"Monthly 5S Audit Completion - Engineering",H,59.26,75.00,50.00,,,,,,,,,,,62.50,75.00,,,,0,TPM
86,1,"Monthly 5S Audits Completion - Logistics",H,60.42,,,,,,,,,,,,,,75.00,,,,0,TPM
87,1,"Monthly 5S Audit Completion - TSD",H,100.00,0.00,100.00,,,,,,,,,,,50.00,75.00,,,,0,TPM
88,1,"Monthly 5S Audit Completion - Quality",H,81.25,100.00,100.00,,,,,,,,,,,100.00,75.00,,,,,TPM
89,2,"Quarterly 5S Audit Score",H,7.68,,,,,,,,,,,,,,8.00,,,,0,TPM
90,2,"Quarterly 5S Audit Score - Brewing",H,7.57,,,,,,,,,,,,,,8.00,,,,0,TPM
91,2,"Quarterly 5S Audit Score - Packaging",H,9.16,,,,,,,,,,,,,,8.00,,,,0,TPM
92,2,"Quarterly 5S Audit Score - Engineering",H,7.43,,,,,,,,,,,,,,8.00,,,,0,TPM
93,2,"Quarterly 5S Audit Score - Logistics",H,7.78,,,,,,,,,,,,,,8.00,,,,0,TPM
94,2,"Quarterly 5S Audit Score - TSD",H,9.16,,,,,,,,,,,,,,8.00,,,,,TPM
95,2,"Quarterly 5S Audit Score - Quality",H,8.84,33.00,33.00,33.00,33.00,,,,,,,,,,8.00,,,,0,TPM
96,1,"People Competency - RCFA",H,8.33,8.33,0.00,,,,,,,,,,,0.00,81.00,,,,0,TPM
97,4,"Validated Packaging Coaches",H,,,,,,,,,,,,,,,3.00,,,,0,TPM
98,4,"Validated Engineering Coaches",H,,,,,,,,,,,,,,,2.00,,,,0,TPM
99,1,"Supply Chain Cost - TSD Installation/R&M/Operations Cost",L,115069.00,104214.00,,,,,,,,,,,,104214.00,125000.00,125000.00,125000.00,,3,TSD
100,1,"Technical & Non Technical Complaint",L,137.00,137.00,,,,,,,,,,,,,145.00,145.00,145.00,,,TSD
101,1,"Contractors' Performance - Installation",H,87.69,81.47,,,,,,,,,,,,81.47,85.00,90.00,95.00,,,TSD
102,1,"Contractors' Performance - Sanitation",H,80.76,80.97,,,,,,,,,,,,,80.00,85.00,90.00,,,TSD
103,1,"Servicing Conformance to Schedule",H,79.00,68.00,,,,,,,,,,,,68.00,88.00,88.00,88.00,,,TSD
104,2,"People Competency - TSD",H,84.71,83.30,,,,,,,,,,,,,90.00,90.00,90.00,,,TSD
105,2,"Monthly 5S Audit Score - TSD",H,8.35,,,,,,,,,,,,,,8.00,9.00,9.00,,34,TSD
106,2,"Technical Audit Completion",H,202.08,203.00,,,,,,,,,,,,203.00,320.00,320.00,320.00,,,TSD
107,2,"Contractors' Technical Competency",H,93.33,90.00,,,,,,,,,,,,,90.00,100.00,100.00,,,TSD
108,3,"Outstanding Sales Loan Agreement",L,34.75,30.00,10.00,20.00,40.00,,,,,,,,,25.00,10.00,10.00,10.00,,01,TSD
109,3,"Draught Innovation OTIF",H,1.00,0.00,,,,,,,,,,,,0.00,90.00,100.00,100.00,,,TSD
110,1,"Supply Chain Cost",L,85.77,83.72,,,,,,,,,,,,83.72,102.80,98.70,94.60,,84.3,SC
111,1,"Supply Chain Cost - External Warehousing Cost",L,1.26,1.17,4.96,,,,,,,,,,,2.28,1.53,,,,0,WT
112,4,"Supply Chain Cost- 3rd Party Cost",L,1.60,1.80,2.35,,,,,,,,,,,2.04,1.28,,,,0,WT
113,1,"(Can) OPI",H,43.01,48.00,,,,,,,,,,,,48.00,50.00,55.00,60.00,,70,SC
114,4,"Employee Engagement",H,71.00,71.00,,,,,,,,,,,,71.00,80.00,80.00,80.00,,90,PD
115,4,CFR,H,80.80,76.30,,,,,,,,,,,,76.30,85.00,95.00,98.50,,98.5,CV
116,4,"HeiQuest Completion",H,94.74,94.74,94.75,,,,,,,,,,,91.80,100.00,,,,0,PQ
117,4,"HeiQuest Compliance",H,93.33,93.02,93.02,,,,,,,,,,,91.10,95.00,,,,0,PQ
118,4,"FLT Bowtie Project Completion",H,60.00,,,,,,,,,,,,,,,,,,0,WT
119,4,"Absence Rate",L,,999999.99,999999.99,,,,,,,,,,,,3.00,3.00,3.00,,2,Safety
120,4,"Accident Frequency",L,,999999.99,,,,,,,,,,,,,,,,,0,Safety
121,4,"Fatalities Own/Contractors Personel",L,,,,,,,,,,,,,,,,,,,0,Safety
122,4,"Accident - Contractors",L,,999999.99,,,,,,,,,,,,,1.00,1.00,1.00,,0,Safety
123,4,"Incidents - Contractors",L,,,,,,,,,,,,,,,2.00,2.00,2.00,,0,Safety
124,4,"Near Miss - Contractors",L,,,,,,,,,,,,,,,3.00,3.00,3.00,,2,Safety
125,4,"Incident - Own Personnel",H,,,,,,,,,,,,,,,,,,,0,Safety
126,4,"Near Miss - Own Personnel",L,,,,,,,,,,,,,,,,,,,0,Safety
127,4,"Behavioural Observations Performed Peer to Peer / FTE",H,,,,,,,,,,,,,,,,,,,0,Safety
128,4,"Behavioural Observation Performed Contractors / FTE",H,,,,,,,,,,,,,,,,,,,,Safety
129,4,"Raised Safety Tag",H,,,,,,,,,,,,,,,,,,,0,Safety
130,1,"(Can) CO per Week",L,17.00,15.00,456789.00,,,,,,,,,,,15.00,14.00,,,,0,Plan
131,1,"(Can) Downtime due to Planning",L,0.83,0.00,123456.00,,,,,,,,,,,,1.00,,,,0,Plan
132,2,"Write Off Cost per HL - Packaging & Raw Material",L,0.57,0.12,123456.00,,,,,,,,,,,0.12,0.50,,,,0,Plan
133,3,"Supplier OTIF",H,81.00,100.00,123456.00,,,,,,,,,,,100.00,99.00,,,,0,Plan
134,1,"People Competency - Brewing",H,,,,,,,,,,,,,,,,,,,0,"AM Brewing"
135,4,"(Brewhouse) OPI",H,,91.20,,,,,,,,,,,,91.20,,,,,0,"AM Brewing"
136,1,"HOC Audit Score - Packaging",H,,,,,,,,,,,,,,,90.00,,,,0,"AM Packaging"
137,2,"(OWL) Contribution of Minor Stops to OPI",L,15.30,15.80,,,,,,,,,,,,15.80,12.80,12.00,11.50,,10,"AM Packaging"
138,3,"(OWL) OPI NONA",H,35.18,41.30,,,,,,,,,,,,41.30,40.00,44.00,46.20,,50.9,TPM
139,4,"(KEG) OPI NONA",H,81.60,15.50,,,,,,,,,,,,15.50,,,,,0,"AM Packaging"
140,4,"(CAN) OPI NONA",H,49.50,59.20,,,,,,,,,,,,59.20,,,,,0,"AM Packaging"
141,4,"Extract Losses - Packaging",L,1.41,2.52,,,,,,,,,,,,2.52,,,,,0,"AM Packaging"
142,4,"FTR - Packaging",H,92.10,92.50,,,,,,,,,,,,92.50,,,,,0,"AM Packaging"
143,4,"OW Packaging Material Losses",L,5.19,9.40,,,,,,,,,,,,9.40,,,,,0,"AM Packaging"
144,4,"Returnable Packaging Material Losses",L,3.27,37.85,,,,,,,,,,,,37.85,,,,,0,"AM Packaging"
145,4,"Water Consumption - Packaging",L,0.87,0.88,,,,,,,,,,,,0.88,,,,,0,"AM Packaging"
146,4,"Thermal Energy Consumption - Packaging",L,27.32,25.66,,,,,,,,,,,,25.66,,,,,0,"AM Packaging"
147,2,"PM Conformance to Schedule - Brewhouse",H,,,,,,,,,,,,,,,92.00,,,,0,PM
148,2,"PM Conformance to Schedule - Canning",H,,,,,,,,,,,,,,,92.00,,,,0,PM
149,2,"Open PM Tags",L,,20.00,32.00,,,,,,,,,,,20.00,60.00,,,,0,PM
150,1,"Deployment Completion",H,,,,,,,,,,,,,,,80.00,,,,0,TPM
151,1,"Risk Assessment Score - Warehouse",L,,,,,,,,,,,,,,,,,,,0,WT
152,1,"Safety Tag Completion Rate",H,,,,,,,,,,,,,,,,,,,0,WT
153,1,"Vacancies - Warehouse",L,,,,,,,,,,,,,,,,,,,0,WT
154,2,"HeiQuest Compliance - Warehouse",H,53.95,53.95,53.95,,,,,,,,,,,53.95,,,,,0,WT
155,2,"HeiQuest Completion - Warehouse",H,55.00,55.00,55.00,,,,,,,,,,,55.00,,,,,0,WT
156,2,"People Competency - Permit Declaration",H,42.90,42.90,,,,,,,,,,,,42.90,71.40,100.00,100.00,,0,CV
157,1,"People Competency - Quality",H,,,54.00,,,,,,,,,,,,80.00,,,,0,PQ
158,4,"Heineken 0.0 TTS - Fresh",H,,,,,,,,,,,,,,,6.65,,,,,PQ
159,1,Vacancies,L,16.00,14.00,,,,,,,,,,,,14.00,3.00,,,,,PD
160,1,"People Competency - Utilities",H,,,,,,,,,,,,,,,,,,,0,ES
161,2,"Effluent Organic Load to Surface Water",L,,0.99,,147852369.00,,,,,,,,,,0.99,,,,,0,ES
162,2,"Open Tags - Utilities",L,,,,,,,,,,,,,,,,,,,0,ES
163,3,"HeiQuest Compliance - Utilities",H,100.00,100.00,100.00,999999.99,999999.99,,,,,,,,,100.00,,,,,0,ES
164,3,"HeiQuest Compliance - Maintenance",H,100.00,100.00,100.00,,,,,,,,,,,100.00,,,,,0,PM
165,3,"HeiQuest Compliance - PCD",H,99.02,99.02,99.02,,,,,,,,,,,99.02,,,,,0,PM
166,1,Vacancies,L,16.00,14.00,,,,,,,,,,,,14.00,3.00,,,,,SC
167,3,"HeiQuest Completion",H,94.74,94.74,94.75,,,,,,,,,,,91.80,100.00,,,,0,SC
168,3,"HeiQuest Compliance",H,93.33,93.02,93.02,,,,,,,,,,,91.10,95.00,,,,0,SC
169,1,"HOC Audit Score",H,86.02,82.90,93.70,,,,,,,,,,,82.90,88.50,,,,0,SC
170,1,"Supply Chain Cost - R&M",L,5.00,2.47,2.52,,,,,,,,,,,2.47,5.52,,,,0,SC
171,1,"Supply Chain Cost - Overtime Cost",L,0.91,0.97,,,,,,,,,,,,0.97,0.39,,,,0,SC
172,4,"Employee Engagement",H,71.00,71.00,,,,,,,,,,,,71.00,80.00,80.00,80.00,,90,SC
173,2,CFR,H,80.80,76.30,,,,,,,,,,,,76.30,85.00,95.00,98.50,,98.5,SC
174,4,"Volume Produced",H,88691.00,119852.00,,,,,,,,,,,,119852.00,89438.00,,,,0,SC
175,4,"Volume Brewed",H,90841.00,128214.00,,,,,,,,,,,,128214.00,89438.00,,,,0,SC
176,4,"Volume Packed - OWL",H,5167.00,10903.00,,,,,,,,,,,,10903.00,1258.00,,,,0,SC
177,4,"Volume Packed - RGL",H,11785.00,13719.00,,,,,,,,,,,,13719.00,8234.00,,,,0,SC
178,4,"Volume Packed - CAN",H,66837.00,84365.00,,,,,,,,,,,,84365.00,58265.00,,,,0,SC
179,4,"Volume Packed",H,86541.00,111491.00,,,,,,,,,,,,111491.00,89438.00,,,,0,SC
180,4,"Volume Packed - KEG",H,2751.00,2504.00,,,,,,,,,,,,2504.00,,,,,0,SC
181,1,"Supply Chain Cost - External Warehousing Cost",L,1.26,1.17,4.96,,,,,,,,,,,2.28,1.53,,,,0,SC
182,1,"Supply Chain Cost- 3rd Party Cost",L,1.60,1.80,2.35,,,,,,,,,,,2.04,1.28,,,,0,SC
183,3,"PM Conformance to Schedule -  PSM",H,93.75,100.00,,,,,,,,,,,,100.00,80.00,80.00,80.00,,80,PM
184,4,"Volume Sold",H,88306.00,116086.00,,,,,,,,,,,,116086.00,,,,,0,SC
185,4,"Packaging Conformance to Schedule",H,85.80,81.00,999999.99,123456.00,123456.00,,,,,,,,,81.00,90.00,,,,0,Plan
186,4,"(Can) Asset Utilisation",H,,,,,,,,,,,,,,,,,,,0,SC
187,4,"HeiQuest Compliance - Packaging",H,95.87,95.87,95.87,,,,,,,,,,,95.87,95.00,,,,,"AM Packaging"
188,4,"HeiQuest Completion - Packaging",H,96.97,96.97,96.97,,,,,,,,,,,96.97,100.00,,,,100,"AM Packaging"
189,2,"Total Justified Complaints - Keg",L,,3.00,4.00,,,,,,,,,,,,,,,,0,PQ
190,2,"Total Justified Complaints - Bottle/Can",L,,,,,,,,,,,,,,,0.00,,,,0,PQ
191,4,"Heineken TTS - 3 months",H,,,,,,,,,,,,,,,6.10,,,,0,PQ
192,4,"Heineken 0.0 TTS - 3 months",H,,,,,,,,,,,,,,,6.15,,,,0,PQ
193,4,"FTR - Laboratory",H,,,,,,,,,,,,,,,98.50,,,,0,PQ
194,4,"Packaging Quality Index",H,,,,,,,,,,,,,,,100.00,,,,0,PQ
195,4,"Heineken Local Market Freshness",L,,,85.00,,,,,,,,,,,,60.00,,,,0,PQ
196,4,"Total Packaging Quality",H,,,100.00,,,,,,,,,,,,99.00,,,,0,PQ
197,4,"Batches/lots no blockages",H,,,,,,,,,,,,,,,99.50,,,,0,PQ
198,4,"CO2 Emissions",L,,999999.99,123456789.00,123456789.00,,,,,,,,,,,7.82,,,,0,ES
199,4,"CO2 Emissions",L,,999999.99,123456789.00,123456789.00,,,,,,,,,,,7.82,,,,0,SC
200,2,"CFR PA",H,87.71,999999.99,,,,,,,,,,,,,85.00,32.00,323.00,,,Plan
